"No.","Time","Source","Destination","Protocol","Length","Signal strength (dBm)","Frequency","Data rate","Info"
"2","0.004666522","e8:48:b8:da:df:46","Broadcast","802.11","452","-60dBm","5785MHz","6","Beacon frame, SN=3601, FN=0, Flags=........C, BI=100, SSID=Olufsen60"
"5","0.107085854","e8:48:b8:da:df:46","Broadcast","802.11","452","-60dBm","5785MHz","6","Beacon frame, SN=3604, FN=0, Flags=........C, BI=100, SSID=Olufsen60"
"8","0.209473792","e8:48:b8:da:df:46","Broadcast","802.11","452","-59dBm","5785MHz","6","Beacon frame, SN=3606, FN=0, Flags=........C, BI=100, SSID=Olufsen60"
"10","0.311855602","e8:48:b8:da:df:46","Broadcast","802.11","452","-59dBm","5785MHz","6","Beacon frame, SN=3608, FN=0, Flags=........C, BI=100, SSID=Olufsen60"
"12","0.414254193","e8:48:b8:da:df:46","Broadcast","802.11","452","-59dBm","5785MHz","6","Beacon frame, SN=3610, FN=0, Flags=........C, BI=100, SSID=Olufsen60"
"15","0.516661938","e8:48:b8:da:df:46","Broadcast","802.11","452","-60dBm","5785MHz","6","Beacon frame, SN=3612, FN=0, Flags=........C, BI=100, SSID=Olufsen60"
"18","0.619056528","e8:48:b8:da:df:46","Broadcast","802.11","452","-60dBm","5785MHz","6","Beacon frame, SN=3615, FN=0, Flags=........C, BI=100, SSID=Olufsen60"
"21","0.724376787","e8:48:b8:da:df:46","Broadcast","802.11","452","-59dBm","5785MHz","6","Beacon frame, SN=3617, FN=0, Flags=........C, BI=100, SSID=Olufsen60"
"23","0.823851714","e8:48:b8:da:df:46","Broadcast","802.11","452","-59dBm","5785MHz","6","Beacon frame, SN=3619, FN=0, Flags=........C, BI=100, SSID=Olufsen60"
"25","0.926252245","e8:48:b8:da:df:46","Broadcast","802.11","453","-59dBm","5785MHz","6","Beacon frame, SN=3621, FN=0, Flags=........C, BI=100, SSID=Olufsen60"
"28","1.028721959","e8:48:b8:da:df:46","Broadcast","802.11","452","-59dBm","5785MHz","6","Beacon frame, SN=3623, FN=0, Flags=........C, BI=100, SSID=Olufsen60"
"31","1.131053248","e8:48:b8:da:df:46","Broadcast","802.11","452","-59dBm","5785MHz","6","Beacon frame, SN=3625, FN=0, Flags=........C, BI=100, SSID=Olufsen60"
"33","1.233436181","e8:48:b8:da:df:46","Broadcast","802.11","452","-59dBm","5785MHz","6","Beacon frame, SN=3627, FN=0, Flags=........C, BI=100, SSID=Olufsen60"
"35","1.335882556","e8:48:b8:da:df:46","Broadcast","802.11","452","-59dBm","5785MHz","6","Beacon frame, SN=3629, FN=0, Flags=........C, BI=100, SSID=Olufsen60"
"38","1.438274081","e8:48:b8:da:df:46","Broadcast","802.11","453","-59dBm","5785MHz","6","Beacon frame, SN=3631, FN=0, Flags=........C, BI=100, SSID=Olufsen60"
"41","1.540649853","e8:48:b8:da:df:46","Broadcast","802.11","452","-59dBm","5785MHz","6","Beacon frame, SN=3633, FN=0, Flags=........C, BI=100, SSID=Olufsen60"
"44","1.643057134","e8:48:b8:da:df:46","Broadcast","802.11","453","-59dBm","5785MHz","6","Beacon frame, SN=3635, FN=0, Flags=........C, BI=100, SSID=Olufsen60"
"47","1.745462213","e8:48:b8:da:df:46","Broadcast","802.11","453","-59dBm","5785MHz","6","Beacon frame, SN=3637, FN=0, Flags=........C, BI=100, SSID=Olufsen60"
"52","1.847862639","e8:48:b8:da:df:46","Broadcast","802.11","452","-59dBm","5785MHz","6","Beacon frame, SN=3639, FN=0, Flags=........C, BI=100, SSID=Olufsen60"
"56","1.950249725","e8:48:b8:da:df:46","Broadcast","802.11","452","-59dBm","5785MHz","6","Beacon frame, SN=3641, FN=0, Flags=........C, BI=100, SSID=Olufsen60"
"58","2.052668035","e8:48:b8:da:df:46","Broadcast","802.11","452","-59dBm","5785MHz","6","Beacon frame, SN=3643, FN=0, Flags=........C, BI=100, SSID=Olufsen60"
"61","2.155058944","e8:48:b8:da:df:46","Broadcast","802.11","452","-59dBm","5785MHz","6","Beacon frame, SN=3645, FN=0, Flags=........C, BI=100, SSID=Olufsen60"
"63","2.257455071","e8:48:b8:da:df:46","Broadcast","802.11","452","-59dBm","5785MHz","6","Beacon frame, SN=3647, FN=0, Flags=........C, BI=100, SSID=Olufsen60"
"66","2.359869511","e8:48:b8:da:df:46","Broadcast","802.11","452","-58dBm","5785MHz","6","Beacon frame, SN=3649, FN=0, Flags=........C, BI=100, SSID=Olufsen60"
"68","2.462261950","e8:48:b8:da:df:46","Broadcast","802.11","452","-59dBm","5785MHz","6","Beacon frame, SN=3651, FN=0, Flags=........C, BI=100, SSID=Olufsen60"
"70","2.564674008","e8:48:b8:da:df:46","Broadcast","802.11","452","-59dBm","5785MHz","6","Beacon frame, SN=3653, FN=0, Flags=........C, BI=100, SSID=Olufsen60"
"72","2.667063400","e8:48:b8:da:df:46","Broadcast","802.11","452","-59dBm","5785MHz","6","Beacon frame, SN=3655, FN=0, Flags=........C, BI=100, SSID=Olufsen60"
"75","2.769571539","e8:48:b8:da:df:46","Broadcast","802.11","452","-59dBm","5785MHz","6","Beacon frame, SN=3657, FN=0, Flags=........C, BI=100, SSID=Olufsen60"
"77","2.871880499","e8:48:b8:da:df:46","Broadcast","802.11","452","-59dBm","5785MHz","6","Beacon frame, SN=3659, FN=0, Flags=........C, BI=100, SSID=Olufsen60"
"79","2.974274326","e8:48:b8:da:df:46","Broadcast","802.11","452","-59dBm","5785MHz","6","Beacon frame, SN=3661, FN=0, Flags=........C, BI=100, SSID=Olufsen60"
"82","3.076676526","e8:48:b8:da:df:46","Broadcast","802.11","452","-59dBm","5785MHz","6","Beacon frame, SN=3663, FN=0, Flags=........C, BI=100, SSID=Olufsen60"
"84","3.179066958","e8:48:b8:da:df:46","Broadcast","802.11","452","-59dBm","5785MHz","6","Beacon frame, SN=3665, FN=0, Flags=........C, BI=100, SSID=Olufsen60"
"86","3.281527558","e8:48:b8:da:df:46","Broadcast","802.11","452","-59dBm","5785MHz","6","Beacon frame, SN=3667, FN=0, Flags=........C, BI=100, SSID=Olufsen60"
"89","3.383913714","e8:48:b8:da:df:46","Broadcast","802.11","452","-59dBm","5785MHz","6","Beacon frame, SN=3670, FN=0, Flags=........C, BI=100, SSID=Olufsen60"
"92","3.486278070","e8:48:b8:da:df:46","Broadcast","802.11","452","-59dBm","5785MHz","6","Beacon frame, SN=3673, FN=0, Flags=........C, BI=100, SSID=Olufsen60"
"94","3.588678272","e8:48:b8:da:df:46","Broadcast","802.11","452","-59dBm","5785MHz","6","Beacon frame, SN=3675, FN=0, Flags=........C, BI=100, SSID=Olufsen60"
"97","3.691086060","e8:48:b8:da:df:46","Broadcast","802.11","452","-59dBm","5785MHz","6","Beacon frame, SN=3677, FN=0, Flags=........C, BI=100, SSID=Olufsen60"
"99","3.793550140","e8:48:b8:da:df:46","Broadcast","802.11","452","-59dBm","5785MHz","6","Beacon frame, SN=3679, FN=0, Flags=........C, BI=100, SSID=Olufsen60"
"101","3.895907720","e8:48:b8:da:df:46","Broadcast","802.11","452","-59dBm","5785MHz","6","Beacon frame, SN=3681, FN=0, Flags=........C, BI=100, SSID=Olufsen60"
"103","3.998287103","e8:48:b8:da:df:46","Broadcast","802.11","452","-59dBm","5785MHz","6","Beacon frame, SN=3683, FN=0, Flags=........C, BI=100, SSID=Olufsen60"
"106","4.100656850","e8:48:b8:da:df:46","Broadcast","802.11","452","-59dBm","5785MHz","6","Beacon frame, SN=3685, FN=0, Flags=........C, BI=100, SSID=Olufsen60"
"108","4.203064022","e8:48:b8:da:df:46","Broadcast","802.11","452","-59dBm","5785MHz","6","Beacon frame, SN=3687, FN=0, Flags=........C, BI=100, SSID=Olufsen60"
"111","4.305552541","e8:48:b8:da:df:46","Broadcast","802.11","452","-59dBm","5785MHz","6","Beacon frame, SN=3690, FN=0, Flags=........C, BI=100, SSID=Olufsen60"
"114","4.407890194","e8:48:b8:da:df:46","Broadcast","802.11","452","-59dBm","5785MHz","6","Beacon frame, SN=3693, FN=0, Flags=........C, BI=100, SSID=Olufsen60"
"116","4.510292276","e8:48:b8:da:df:46","Broadcast","802.11","452","-58dBm","5785MHz","6","Beacon frame, SN=3695, FN=0, Flags=........C, BI=100, SSID=Olufsen60"
"118","4.612670419","e8:48:b8:da:df:46","Broadcast","802.11","452","-59dBm","5785MHz","6","Beacon frame, SN=3697, FN=0, Flags=........C, BI=100, SSID=Olufsen60"
"121","4.715073492","e8:48:b8:da:df:46","Broadcast","802.11","452","-59dBm","5785MHz","6","Beacon frame, SN=3699, FN=0, Flags=........C, BI=100, SSID=Olufsen60"
"125","4.817552093","e8:48:b8:da:df:46","Broadcast","802.11","452","-59dBm","5785MHz","6","Beacon frame, SN=3703, FN=0, Flags=........C, BI=100, SSID=Olufsen60"
"130","4.919874597","e8:48:b8:da:df:46","Broadcast","802.11","452","-59dBm","5785MHz","6","Beacon frame, SN=3707, FN=0, Flags=........C, BI=100, SSID=Olufsen60"
"132","5.022281215","e8:48:b8:da:df:46","Broadcast","802.11","452","-59dBm","5785MHz","6","Beacon frame, SN=3709, FN=0, Flags=........C, BI=100, SSID=Olufsen60"
"134","5.124825361","e8:48:b8:da:df:46","Broadcast","802.11","452","-60dBm","5785MHz","6","Beacon frame, SN=3711, FN=0, Flags=........C, BI=100, SSID=Olufsen60"
"136","5.227085409","e8:48:b8:da:df:46","Broadcast","802.11","452","-59dBm","5785MHz","6","Beacon frame, SN=3713, FN=0, Flags=........C, BI=100, SSID=Olufsen60"
"139","5.329447316","e8:48:b8:da:df:46","Broadcast","802.11","452","-59dBm","5785MHz","6","Beacon frame, SN=3716, FN=0, Flags=........C, BI=100, SSID=Olufsen60"
"143","5.431867392","e8:48:b8:da:df:46","Broadcast","802.11","452","-59dBm","5785MHz","6","Beacon frame, SN=3719, FN=0, Flags=........C, BI=100, SSID=Olufsen60"
"146","5.534284658","e8:48:b8:da:df:46","Broadcast","802.11","452","-59dBm","5785MHz","6","Beacon frame, SN=3721, FN=0, Flags=........C, BI=100, SSID=Olufsen60"
"148","5.636684609","e8:48:b8:da:df:46","Broadcast","802.11","452","-60dBm","5785MHz","6","Beacon frame, SN=3723, FN=0, Flags=........C, BI=100, SSID=Olufsen60"
"150","5.739070189","e8:48:b8:da:df:46","Broadcast","802.11","452","-59dBm","5785MHz","6","Beacon frame, SN=3725, FN=0, Flags=........C, BI=100, SSID=Olufsen60"
"152","5.841496063","e8:48:b8:da:df:46","Broadcast","802.11","452","-59dBm","5785MHz","6","Beacon frame, SN=3727, FN=0, Flags=........C, BI=100, SSID=Olufsen60"
"154","5.945236002","e8:48:b8:da:df:46","Broadcast","802.11","452","-59dBm","5785MHz","6","Beacon frame, SN=3729, FN=0, Flags=........C, BI=100, SSID=Olufsen60"
"156","6.046258939","e8:48:b8:da:df:46","Broadcast","802.11","452","-59dBm","5785MHz","6","Beacon frame, SN=3731, FN=0, Flags=........C, BI=100, SSID=Olufsen60"
"158","6.148668868","e8:48:b8:da:df:46","Broadcast","802.11","453","-59dBm","5785MHz","6","Beacon frame, SN=3733, FN=0, Flags=........C, BI=100, SSID=Olufsen60"
"162","6.251534702","e8:48:b8:da:df:46","Broadcast","802.11","452","-59dBm","5785MHz","6","Beacon frame, SN=3735, FN=0, Flags=........C, BI=100, SSID=Olufsen60"
"164","6.353602707","e8:48:b8:da:df:46","Broadcast","802.11","452","-59dBm","5785MHz","6","Beacon frame, SN=3737, FN=0, Flags=........C, BI=100, SSID=Olufsen60"
"167","6.455871124","e8:48:b8:da:df:46","Broadcast","802.11","452","-59dBm","5785MHz","6","Beacon frame, SN=3739, FN=0, Flags=........C, BI=100, SSID=Olufsen60"
"169","6.561153835","e8:48:b8:da:df:46","Broadcast","802.11","452","-59dBm","5785MHz","6","Beacon frame, SN=3741, FN=0, Flags=........C, BI=100, SSID=Olufsen60"
"172","6.661007847","e8:48:b8:da:df:46","Broadcast","802.11","453","-59dBm","5785MHz","6","Beacon frame, SN=3743, FN=0, Flags=........C, BI=100, SSID=Olufsen60"
"176","6.763457531","e8:48:b8:da:df:46","Broadcast","802.11","452","-59dBm","5785MHz","6","Beacon frame, SN=3745, FN=0, Flags=........C, BI=100, SSID=Olufsen60"
"178","6.865457776","e8:48:b8:da:df:46","Broadcast","802.11","452","-59dBm","5785MHz","6","Beacon frame, SN=3747, FN=0, Flags=........C, BI=100, SSID=Olufsen60"
"181","6.967897622","e8:48:b8:da:df:46","Broadcast","802.11","452","-59dBm","5785MHz","6","Beacon frame, SN=3749, FN=0, Flags=........C, BI=100, SSID=Olufsen60"
"184","7.070301666","e8:48:b8:da:df:46","Broadcast","802.11","452","-59dBm","5785MHz","6","Beacon frame, SN=3751, FN=0, Flags=........C, BI=100, SSID=Olufsen60"
"186","7.172662276","e8:48:b8:da:df:46","Broadcast","802.11","452","-59dBm","5785MHz","6","Beacon frame, SN=3753, FN=0, Flags=........C, BI=100, SSID=Olufsen60"
"189","7.277574393","e8:48:b8:da:df:46","Broadcast","802.11","452","-59dBm","5785MHz","6","Beacon frame, SN=3755, FN=0, Flags=........C, BI=100, SSID=Olufsen60"
"191","7.377481646","e8:48:b8:da:df:46","Broadcast","802.11","452","-58dBm","5785MHz","6","Beacon frame, SN=3757, FN=0, Flags=........C, BI=100, SSID=Olufsen60"
"196","7.479909374","e8:48:b8:da:df:46","Broadcast","802.11","452","-59dBm","5785MHz","6","Beacon frame, SN=3759, FN=0, Flags=........C, BI=100, SSID=Olufsen60"
"200","7.582296733","e8:48:b8:da:df:46","Broadcast","802.11","452","-58dBm","5785MHz","6","Beacon frame, SN=3761, FN=0, Flags=........C, BI=100, SSID=Olufsen60"
"202","7.684671054","e8:48:b8:da:df:46","Broadcast","802.11","452","-59dBm","5785MHz","6","Beacon frame, SN=3763, FN=0, Flags=........C, BI=100, SSID=Olufsen60"
"204","7.787066429","e8:48:b8:da:df:46","Broadcast","802.11","452","-59dBm","5785MHz","6","Beacon frame, SN=3765, FN=0, Flags=........C, BI=100, SSID=Olufsen60"
"206","7.889499964","e8:48:b8:da:df:46","Broadcast","802.11","452","-59dBm","5785MHz","6","Beacon frame, SN=3767, FN=0, Flags=........C, BI=100, SSID=Olufsen60"
"208","7.991898535","e8:48:b8:da:df:46","Broadcast","802.11","452","-59dBm","5785MHz","6","Beacon frame, SN=3769, FN=0, Flags=........C, BI=100, SSID=Olufsen60"
"210","8.094304833","e8:48:b8:da:df:46","Broadcast","802.11","452","-59dBm","5785MHz","6","Beacon frame, SN=3771, FN=0, Flags=........C, BI=100, SSID=Olufsen60"
"212","8.196679267","e8:48:b8:da:df:46","Broadcast","802.11","452","-59dBm","5785MHz","6","Beacon frame, SN=3773, FN=0, Flags=........C, BI=100, SSID=Olufsen60"
"214","8.299083333","e8:48:b8:da:df:46","Broadcast","802.11","452","-59dBm","5785MHz","6","Beacon frame, SN=3775, FN=0, Flags=........C, BI=100, SSID=Olufsen60"
"217","8.401471661","e8:48:b8:da:df:46","Broadcast","802.11","452","-59dBm","5785MHz","6","Beacon frame, SN=3777, FN=0, Flags=........C, BI=100, SSID=Olufsen60"
"219","8.503884653","e8:48:b8:da:df:46","Broadcast","802.11","452","-59dBm","5785MHz","6","Beacon frame, SN=3779, FN=0, Flags=........C, BI=100, SSID=Olufsen60"
"222","8.606296239","e8:48:b8:da:df:46","Broadcast","802.11","452","-59dBm","5785MHz","6","Beacon frame, SN=3781, FN=0, Flags=........C, BI=100, SSID=Olufsen60"
"224","8.708696236","e8:48:b8:da:df:46","Broadcast","802.11","452","-59dBm","5785MHz","6","Beacon frame, SN=3783, FN=0, Flags=........C, BI=100, SSID=Olufsen60"
"227","8.811098380","e8:48:b8:da:df:46","Broadcast","802.11","452","-59dBm","5785MHz","6","Beacon frame, SN=3785, FN=0, Flags=........C, BI=100, SSID=Olufsen60"
"229","8.913474098","e8:48:b8:da:df:46","Broadcast","802.11","452","-60dBm","5785MHz","6","Beacon frame, SN=3787, FN=0, Flags=........C, BI=100, SSID=Olufsen60"
"232","9.015872500","e8:48:b8:da:df:46","Broadcast","802.11","452","-59dBm","5785MHz","6","Beacon frame, SN=3789, FN=0, Flags=........C, BI=100, SSID=Olufsen60"
"234","9.118277774","e8:48:b8:da:df:46","Broadcast","802.11","452","-60dBm","5785MHz","6","Beacon frame, SN=3791, FN=0, Flags=........C, BI=100, SSID=Olufsen60"
"236","9.220690115","e8:48:b8:da:df:46","Broadcast","802.11","452","-59dBm","5785MHz","6","Beacon frame, SN=3793, FN=0, Flags=........C, BI=100, SSID=Olufsen60"
"238","9.323093259","e8:48:b8:da:df:46","Broadcast","802.11","452","-59dBm","5785MHz","6","Beacon frame, SN=3795, FN=0, Flags=........C, BI=100, SSID=Olufsen60"
"241","9.425442635","e8:48:b8:da:df:46","Broadcast","802.11","452","-60dBm","5785MHz","6","Beacon frame, SN=3797, FN=0, Flags=........C, BI=100, SSID=Olufsen60"
"243","9.527882680","e8:48:b8:da:df:46","Broadcast","802.11","452","-60dBm","5785MHz","6","Beacon frame, SN=3799, FN=0, Flags=........C, BI=100, SSID=Olufsen60"
"246","9.630455844","e8:48:b8:da:df:46","Broadcast","802.11","452","-59dBm","5785MHz","6","Beacon frame, SN=3801, FN=0, Flags=........C, BI=100, SSID=Olufsen60"
"248","9.732678951","e8:48:b8:da:df:46","Broadcast","802.11","452","-60dBm","5785MHz","6","Beacon frame, SN=3803, FN=0, Flags=........C, BI=100, SSID=Olufsen60"
"251","9.835078567","e8:48:b8:da:df:46","Broadcast","802.11","452","-60dBm","5785MHz","6","Beacon frame, SN=3805, FN=0, Flags=........C, BI=100, SSID=Olufsen60"
"253","9.937483422","e8:48:b8:da:df:46","Broadcast","802.11","452","-59dBm","5785MHz","6","Beacon frame, SN=3807, FN=0, Flags=........C, BI=100, SSID=Olufsen60"
"255","10.039872075","e8:48:b8:da:df:46","Broadcast","802.11","452","-59dBm","5785MHz","6","Beacon frame, SN=3809, FN=0, Flags=........C, BI=100, SSID=Olufsen60"
"258","10.142278042","e8:48:b8:da:df:46","Broadcast","802.11","452","-59dBm","5785MHz","6","Beacon frame, SN=3811, FN=0, Flags=........C, BI=100, SSID=Olufsen60"
"261","10.244699710","e8:48:b8:da:df:46","Broadcast","802.11","452","-59dBm","5785MHz","6","Beacon frame, SN=3813, FN=0, Flags=........C, BI=100, SSID=Olufsen60"
"264","10.347107110","e8:48:b8:da:df:46","Broadcast","802.11","452","-59dBm","5785MHz","6","Beacon frame, SN=3815, FN=0, Flags=........C, BI=100, SSID=Olufsen60"
"266","10.449487522","e8:48:b8:da:df:46","Broadcast","802.11","452","-59dBm","5785MHz","6","Beacon frame, SN=3817, FN=0, Flags=........C, BI=100, SSID=Olufsen60"
"268","10.551885219","e8:48:b8:da:df:46","Broadcast","802.11","452","-59dBm","5785MHz","6","Beacon frame, SN=3819, FN=0, Flags=........C, BI=100, SSID=Olufsen60"
"271","10.654298964","e8:48:b8:da:df:46","Broadcast","802.11","452","-59dBm","5785MHz","6","Beacon frame, SN=3821, FN=0, Flags=........C, BI=100, SSID=Olufsen60"
"273","10.756678166","e8:48:b8:da:df:46","Broadcast","802.11","452","-59dBm","5785MHz","6","Beacon frame, SN=3823, FN=0, Flags=........C, BI=100, SSID=Olufsen60"
"276","10.859094634","e8:48:b8:da:df:46","Broadcast","802.11","452","-59dBm","5785MHz","6","Beacon frame, SN=3825, FN=0, Flags=........C, BI=100, SSID=Olufsen60"
"279","10.961471903","e8:48:b8:da:df:46","Broadcast","802.11","452","-59dBm","5785MHz","6","Beacon frame, SN=3827, FN=0, Flags=........C, BI=100, SSID=Olufsen60"
"281","11.065397607","e8:48:b8:da:df:46","Broadcast","802.11","452","-59dBm","5785MHz","6","Beacon frame, SN=3829, FN=0, Flags=........C, BI=100, SSID=Olufsen60"
"283","11.166287910","e8:48:b8:da:df:46","Broadcast","802.11","452","-59dBm","5785MHz","6","Beacon frame, SN=3831, FN=0, Flags=........C, BI=100, SSID=Olufsen60"
"285","11.268695051","e8:48:b8:da:df:46","Broadcast","802.11","452","-59dBm","5785MHz","6","Beacon frame, SN=3833, FN=0, Flags=........C, BI=100, SSID=Olufsen60"
"287","11.371090088","e8:48:b8:da:df:46","Broadcast","802.11","452","-59dBm","5785MHz","6","Beacon frame, SN=3835, FN=0, Flags=........C, BI=100, SSID=Olufsen60"
"289","11.473474778","e8:48:b8:da:df:46","Broadcast","802.11","452","-59dBm","5785MHz","6","Beacon frame, SN=3837, FN=0, Flags=........C, BI=100, SSID=Olufsen60"
"291","11.575882495","e8:48:b8:da:df:46","Broadcast","802.11","452","-59dBm","5785MHz","6","Beacon frame, SN=3839, FN=0, Flags=........C, BI=100, SSID=Olufsen60"
"293","11.678305245","e8:48:b8:da:df:46","Broadcast","802.11","452","-59dBm","5785MHz","6","Beacon frame, SN=3841, FN=0, Flags=........C, BI=100, SSID=Olufsen60"
"296","11.780670562","e8:48:b8:da:df:46","Broadcast","802.11","452","-59dBm","5785MHz","6","Beacon frame, SN=3843, FN=0, Flags=........C, BI=100, SSID=Olufsen60"
"300","11.883182297","e8:48:b8:da:df:46","Broadcast","802.11","452","-59dBm","5785MHz","6","Beacon frame, SN=3845, FN=0, Flags=........C, BI=100, SSID=Olufsen60"
"303","11.985466851","e8:48:b8:da:df:46","Broadcast","802.11","452","-59dBm","5785MHz","6","Beacon frame, SN=3847, FN=0, Flags=........C, BI=100, SSID=Olufsen60"
"305","12.088013260","e8:48:b8:da:df:46","Broadcast","802.11","452","-59dBm","5785MHz","6","Beacon frame, SN=3849, FN=0, Flags=........C, BI=100, SSID=Olufsen60"
"307","12.190295863","e8:48:b8:da:df:46","Broadcast","802.11","452","-59dBm","5785MHz","6","Beacon frame, SN=3851, FN=0, Flags=........C, BI=100, SSID=Olufsen60"
"309","12.292847874","e8:48:b8:da:df:46","Broadcast","802.11","452","-56dBm","5785MHz","6","Beacon frame, SN=3853, FN=0, Flags=........C, BI=100, SSID=Olufsen60"
"311","12.312619230","e8:48:b8:da:df:46","HonHaiPr_64:20:59","802.11","56","-61dBm","5785MHz","6","QoS Null function (No data), SN=3855, FN=0, Flags=......F.C"
"312","12.395084858","e8:48:b8:da:df:46","Broadcast","802.11","453","-59dBm","5785MHz","6","Beacon frame, SN=3856, FN=0, Flags=........C, BI=100, SSID=Olufsen60"
"315","12.396117176","e8:48:b8:da:df:46","Bose_f6:fa:af","802.11","56","-62dBm","5785MHz","6","QoS Null function (No data), SN=3858, FN=0, Flags=......F.C"
"316","12.497467387","e8:48:b8:da:df:46","Broadcast","802.11","452","-59dBm","5785MHz","6","Beacon frame, SN=3859, FN=0, Flags=........C, BI=100, SSID=Olufsen60"
"319","12.600212473","e8:48:b8:da:df:46","Broadcast","802.11","452","-59dBm","5785MHz","6","Beacon frame, SN=3861, FN=0, Flags=........C, BI=100, SSID=Olufsen60"
"322","12.804974227","e8:48:b8:da:df:46","Broadcast","802.11","452","-59dBm","5785MHz","6","Beacon frame, SN=3865, FN=0, Flags=........C, BI=100, SSID=Olufsen60"
"324","12.811931896","e8:48:b8:da:df:46","d2:e9:4d:0f:22:b3","802.11","56","-60dBm","5785MHz","6","QoS Null function (No data), SN=3867, FN=0, Flags=......F.C"
"325","12.907071594","e8:48:b8:da:df:46","Broadcast","802.11","452","-59dBm","5785MHz","6","Beacon frame, SN=3868, FN=0, Flags=........C, BI=100, SSID=Olufsen60"
"328","12.909288206","e8:48:b8:da:df:46","32:07:de:3c:f5:80","802.11","56","-59dBm","5785MHz","6","QoS Null function (No data), SN=3870, FN=0, Flags=......F.C"
"330","13.009503404","e8:48:b8:da:df:46","Broadcast","802.11","452","-59dBm","5785MHz","6","Beacon frame, SN=3871, FN=0, Flags=........C, BI=100, SSID=Olufsen60"
"333","13.112090842","e8:48:b8:da:df:46","Broadcast","802.11","452","-59dBm","5785MHz","6","Beacon frame, SN=3874, FN=0, Flags=........C, BI=100, SSID=Olufsen60"
"337","13.214336934","e8:48:b8:da:df:46","Broadcast","802.11","452","-59dBm","5785MHz","6","Beacon frame, SN=3879, FN=0, Flags=........C, BI=100, SSID=Olufsen60"
"341","13.316692280","e8:48:b8:da:df:46","Broadcast","802.11","452","-59dBm","5785MHz","6","Beacon frame, SN=3883, FN=0, Flags=........C, BI=100, SSID=Olufsen60"
"343","13.419101099","e8:48:b8:da:df:46","Broadcast","802.11","452","-59dBm","5785MHz","6","Beacon frame, SN=3885, FN=0, Flags=........C, BI=100, SSID=Olufsen60"
"345","13.521495681","e8:48:b8:da:df:46","Broadcast","802.11","452","-57dBm","5785MHz","6","Beacon frame, SN=3887, FN=0, Flags=........C, BI=100, SSID=Olufsen60"
"347","13.623854933","e8:48:b8:da:df:46","Broadcast","802.11","452","-56dBm","5785MHz","6","Beacon frame, SN=3889, FN=0, Flags=........C, BI=100, SSID=Olufsen60"
"349","13.726297139","e8:48:b8:da:df:46","Broadcast","802.11","452","-57dBm","5785MHz","6","Beacon frame, SN=3891, FN=0, Flags=........C, BI=100, SSID=Olufsen60"
"352","13.828687194","e8:48:b8:da:df:46","Broadcast","802.11","452","-58dBm","5785MHz","6","Beacon frame, SN=3893, FN=0, Flags=........C, BI=100, SSID=Olufsen60"
"354","13.933094171","e8:48:b8:da:df:46","Broadcast","802.11","452","-58dBm","5785MHz","6","Beacon frame, SN=3895, FN=0, Flags=........C, BI=100, SSID=Olufsen60"
"357","14.033500543","e8:48:b8:da:df:46","Broadcast","802.11","452","-57dBm","5785MHz","6","Beacon frame, SN=3897, FN=0, Flags=........C, BI=100, SSID=Olufsen60"
"360","14.135858395","e8:48:b8:da:df:46","Broadcast","802.11","452","-57dBm","5785MHz","6","Beacon frame, SN=3899, FN=0, Flags=........C, BI=100, SSID=Olufsen60"
"362","14.238290158","e8:48:b8:da:df:46","Broadcast","802.11","452","-57dBm","5785MHz","6","Beacon frame, SN=3901, FN=0, Flags=........C, BI=100, SSID=Olufsen60"
"365","14.340687912","e8:48:b8:da:df:46","Broadcast","802.11","452","-57dBm","5785MHz","6","Beacon frame, SN=3903, FN=0, Flags=........C, BI=100, SSID=Olufsen60"
"368","14.443100089","e8:48:b8:da:df:46","Broadcast","802.11","452","-58dBm","5785MHz","6","Beacon frame, SN=3905, FN=0, Flags=........C, BI=100, SSID=Olufsen60"
"370","14.545484143","e8:48:b8:da:df:46","Broadcast","802.11","452","-57dBm","5785MHz","6","Beacon frame, SN=3907, FN=0, Flags=........C, BI=100, SSID=Olufsen60"
"373","14.647934226","e8:48:b8:da:df:46","Broadcast","802.11","452","-59dBm","5785MHz","6","Beacon frame, SN=3909, FN=0, Flags=........C, BI=100, SSID=Olufsen60"
"375","14.750280775","e8:48:b8:da:df:46","Broadcast","802.11","452","-59dBm","5785MHz","6","Beacon frame, SN=3911, FN=0, Flags=........C, BI=100, SSID=Olufsen60"
"377","14.852698917","e8:48:b8:da:df:46","Broadcast","802.11","452","-59dBm","5785MHz","6","Beacon frame, SN=3913, FN=0, Flags=........C, BI=100, SSID=Olufsen60"
"380","14.955093116","e8:48:b8:da:df:46","Broadcast","802.11","452","-60dBm","5785MHz","6","Beacon frame, SN=3915, FN=0, Flags=........C, BI=100, SSID=Olufsen60"
"383","15.057494580","e8:48:b8:da:df:46","Broadcast","802.11","452","-61dBm","5785MHz","6","Beacon frame, SN=3917, FN=0, Flags=........C, BI=100, SSID=Olufsen60"
"385","15.159892106","e8:48:b8:da:df:46","Broadcast","802.11","452","-61dBm","5785MHz","6","Beacon frame, SN=3919, FN=0, Flags=........C, BI=100, SSID=Olufsen60"
"387","15.262284694","e8:48:b8:da:df:46","Broadcast","802.11","452","-61dBm","5785MHz","6","Beacon frame, SN=3921, FN=0, Flags=........C, BI=100, SSID=Olufsen60"
"389","15.364695077","e8:48:b8:da:df:46","Broadcast","802.11","452","-59dBm","5785MHz","6","Beacon frame, SN=3923, FN=0, Flags=........C, BI=100, SSID=Olufsen60"
"391","15.467111746","e8:48:b8:da:df:46","Broadcast","802.11","452","-60dBm","5785MHz","6","Beacon frame, SN=3925, FN=0, Flags=........C, BI=100, SSID=Olufsen60"
"393","15.569513971","e8:48:b8:da:df:46","Broadcast","802.11","452","-60dBm","5785MHz","6","Beacon frame, SN=3927, FN=0, Flags=........C, BI=100, SSID=Olufsen60"
"395","15.671947147","e8:48:b8:da:df:46","Broadcast","802.11","452","-60dBm","5785MHz","6","Beacon frame, SN=3929, FN=0, Flags=........C, BI=100, SSID=Olufsen60"
"397","15.774291852","e8:48:b8:da:df:46","Broadcast","802.11","452","-60dBm","5785MHz","6","Beacon frame, SN=3931, FN=0, Flags=........C, BI=100, SSID=Olufsen60"
"399","15.876691963","e8:48:b8:da:df:46","Broadcast","802.11","452","-59dBm","5785MHz","6","Beacon frame, SN=3933, FN=0, Flags=........C, BI=100, SSID=Olufsen60"
"401","15.979105672","e8:48:b8:da:df:46","Broadcast","802.11","452","-59dBm","5785MHz","6","Beacon frame, SN=3935, FN=0, Flags=........C, BI=100, SSID=Olufsen60"
"403","16.081516144","e8:48:b8:da:df:46","Broadcast","802.11","452","-60dBm","5785MHz","6","Beacon frame, SN=3937, FN=0, Flags=........C, BI=100, SSID=Olufsen60"
"405","16.183909382","e8:48:b8:da:df:46","Broadcast","802.11","452","-59dBm","5785MHz","6","Beacon frame, SN=3939, FN=0, Flags=........C, BI=100, SSID=Olufsen60"
"407","16.289052310","e8:48:b8:da:df:46","Broadcast","802.11","452","-60dBm","5785MHz","6","Beacon frame, SN=3941, FN=0, Flags=........C, BI=100, SSID=Olufsen60"
"409","16.388692301","e8:48:b8:da:df:46","Broadcast","802.11","452","-62dBm","5785MHz","6","Beacon frame, SN=3943, FN=0, Flags=........C, BI=100, SSID=Olufsen60"
"411","16.491103715","e8:48:b8:da:df:46","Broadcast","802.11","452","-60dBm","5785MHz","6","Beacon frame, SN=3945, FN=0, Flags=........C, BI=100, SSID=Olufsen60"
"413","16.593482241","e8:48:b8:da:df:46","Broadcast","802.11","452","-60dBm","5785MHz","6","Beacon frame, SN=3947, FN=0, Flags=........C, BI=100, SSID=Olufsen60"
"415","16.695897904","e8:48:b8:da:df:46","Broadcast","802.11","452","-58dBm","5785MHz","6","Beacon frame, SN=3949, FN=0, Flags=........C, BI=100, SSID=Olufsen60"
"417","16.798293113","e8:48:b8:da:df:46","Broadcast","802.11","452","-60dBm","5785MHz","6","Beacon frame, SN=3951, FN=0, Flags=........C, BI=100, SSID=Olufsen60"
"419","16.900687188","e8:48:b8:da:df:46","Broadcast","802.11","453","-61dBm","5785MHz","6","Beacon frame, SN=3953, FN=0, Flags=........C, BI=100, SSID=Olufsen60"
"421","17.003091914","e8:48:b8:da:df:46","Broadcast","802.11","453","-59dBm","5785MHz","6","Beacon frame, SN=3955, FN=0, Flags=........C, BI=100, SSID=Olufsen60"
"423","17.105487171","e8:48:b8:da:df:46","Broadcast","802.11","453","-59dBm","5785MHz","6","Beacon frame, SN=3957, FN=0, Flags=........C, BI=100, SSID=Olufsen60"
"429","17.207920251","e8:48:b8:da:df:46","Broadcast","802.11","452","-59dBm","5785MHz","6","Beacon frame, SN=3959, FN=0, Flags=........C, BI=100, SSID=Olufsen60"
"433","17.310296736","e8:48:b8:da:df:46","Broadcast","802.11","452","-59dBm","5785MHz","6","Beacon frame, SN=3961, FN=0, Flags=........C, BI=100, SSID=Olufsen60"
"436","17.412687915","e8:48:b8:da:df:46","Broadcast","802.11","452","-59dBm","5785MHz","6","Beacon frame, SN=3963, FN=0, Flags=........C, BI=100, SSID=Olufsen60"
"438","17.515103181","e8:48:b8:da:df:46","Broadcast","802.11","452","-59dBm","5785MHz","6","Beacon frame, SN=3965, FN=0, Flags=........C, BI=100, SSID=Olufsen60"
"440","17.617510804","e8:48:b8:da:df:46","Broadcast","802.11","452","-59dBm","5785MHz","6","Beacon frame, SN=3967, FN=0, Flags=........C, BI=100, SSID=Olufsen60"
"442","17.719930995","e8:48:b8:da:df:46","Broadcast","802.11","452","-59dBm","5785MHz","6","Beacon frame, SN=3969, FN=0, Flags=........C, BI=100, SSID=Olufsen60"
"444","17.822314041","e8:48:b8:da:df:46","Broadcast","802.11","452","-59dBm","5785MHz","6","Beacon frame, SN=3971, FN=0, Flags=........C, BI=100, SSID=Olufsen60"
"447","17.924706642","e8:48:b8:da:df:46","Broadcast","802.11","452","-61dBm","5785MHz","6","Beacon frame, SN=3973, FN=0, Flags=........C, BI=100, SSID=Olufsen60"
"451","18.027090995","e8:48:b8:da:df:46","Broadcast","802.11","452","-61dBm","5785MHz","6","Beacon frame, SN=3975, FN=0, Flags=........C, BI=100, SSID=Olufsen60"
"453","18.129486679","e8:48:b8:da:df:46","Broadcast","802.11","452","-61dBm","5785MHz","6","Beacon frame, SN=3977, FN=0, Flags=........C, BI=100, SSID=Olufsen60"
"456","18.231871185","e8:48:b8:da:df:46","Broadcast","802.11","452","-61dBm","5785MHz","6","Beacon frame, SN=3979, FN=0, Flags=........C, BI=100, SSID=Olufsen60"
"458","18.334306969","e8:48:b8:da:df:46","Broadcast","802.11","452","-61dBm","5785MHz","6","Beacon frame, SN=3981, FN=0, Flags=........C, BI=100, SSID=Olufsen60"
"461","18.436685176","e8:48:b8:da:df:46","Broadcast","802.11","452","-61dBm","5785MHz","6","Beacon frame, SN=3983, FN=0, Flags=........C, BI=100, SSID=Olufsen60"
"465","18.540559557","e8:48:b8:da:df:46","Broadcast","802.11","452","-61dBm","5785MHz","6","Beacon frame, SN=3985, FN=0, Flags=........C, BI=100, SSID=Olufsen60"
"468","18.641498429","e8:48:b8:da:df:46","Broadcast","802.11","452","-60dBm","5785MHz","6","Beacon frame, SN=3987, FN=0, Flags=........C, BI=100, SSID=Olufsen60"
"470","18.743903954","e8:48:b8:da:df:46","Broadcast","802.11","452","-61dBm","5785MHz","6","Beacon frame, SN=3989, FN=0, Flags=........C, BI=100, SSID=Olufsen60"
"472","18.846297712","e8:48:b8:da:df:46","Broadcast","802.11","452","-60dBm","5785MHz","6","Beacon frame, SN=3991, FN=0, Flags=........C, BI=100, SSID=Olufsen60"
"476","18.948713794","e8:48:b8:da:df:46","Broadcast","802.11","452","-60dBm","5785MHz","6","Beacon frame, SN=3993, FN=0, Flags=........C, BI=100, SSID=Olufsen60"
"478","19.051095887","e8:48:b8:da:df:46","Broadcast","802.11","452","-60dBm","5785MHz","6","Beacon frame, SN=3995, FN=0, Flags=........C, BI=100, SSID=Olufsen60"
"480","19.153491727","e8:48:b8:da:df:46","Broadcast","802.11","452","-60dBm","5785MHz","6","Beacon frame, SN=3997, FN=0, Flags=........C, BI=100, SSID=Olufsen60"
"482","19.255894758","e8:48:b8:da:df:46","Broadcast","802.11","452","-60dBm","5785MHz","6","Beacon frame, SN=3999, FN=0, Flags=........C, BI=100, SSID=Olufsen60"
"486","19.358618980","e8:48:b8:da:df:46","Broadcast","802.11","452","-61dBm","5785MHz","6","Beacon frame, SN=4001, FN=0, Flags=........C, BI=100, SSID=Olufsen60"
"488","19.460708840","e8:48:b8:da:df:46","Broadcast","802.11","452","-61dBm","5785MHz","6","Beacon frame, SN=4003, FN=0, Flags=........C, BI=100, SSID=Olufsen60"
"490","19.563119950","e8:48:b8:da:df:46","Broadcast","802.11","452","-62dBm","5785MHz","6","Beacon frame, SN=4005, FN=0, Flags=........C, BI=100, SSID=Olufsen60"
"492","19.665502101","e8:48:b8:da:df:46","Broadcast","802.11","452","-62dBm","5785MHz","6","Beacon frame, SN=4007, FN=0, Flags=........C, BI=100, SSID=Olufsen60"
"494","19.767912869","e8:48:b8:da:df:46","Broadcast","802.11","452","-61dBm","5785MHz","6","Beacon frame, SN=4009, FN=0, Flags=........C, BI=100, SSID=Olufsen60"
"496","19.870308879","e8:48:b8:da:df:46","Broadcast","802.11","452","-61dBm","5785MHz","6","Beacon frame, SN=4011, FN=0, Flags=........C, BI=100, SSID=Olufsen60"
"498","19.972697133","e8:48:b8:da:df:46","Broadcast","802.11","452","-62dBm","5785MHz","6","Beacon frame, SN=4013, FN=0, Flags=........C, BI=100, SSID=Olufsen60"
"500","20.075100490","e8:48:b8:da:df:46","Broadcast","802.11","452","-62dBm","5785MHz","6","Beacon frame, SN=4015, FN=0, Flags=........C, BI=100, SSID=Olufsen60"
"502","20.177499310","e8:48:b8:da:df:46","Broadcast","802.11","452","-61dBm","5785MHz","6","Beacon frame, SN=4017, FN=0, Flags=........C, BI=100, SSID=Olufsen60"
"506","20.279910134","e8:48:b8:da:df:46","Broadcast","802.11","452","-61dBm","5785MHz","6","Beacon frame, SN=4019, FN=0, Flags=........C, BI=100, SSID=Olufsen60"
"508","20.382316007","e8:48:b8:da:df:46","Broadcast","802.11","452","-61dBm","5785MHz","6","Beacon frame, SN=4021, FN=0, Flags=........C, BI=100, SSID=Olufsen60"
"510","20.484684495","e8:48:b8:da:df:46","Broadcast","802.11","452","-62dBm","5785MHz","6","Beacon frame, SN=4023, FN=0, Flags=........C, BI=100, SSID=Olufsen60"
"513","20.589569297","e8:48:b8:da:df:46","Broadcast","802.11","452","-61dBm","5785MHz","6","Beacon frame, SN=4025, FN=0, Flags=........C, BI=100, SSID=Olufsen60"
"516","20.689505551","e8:48:b8:da:df:46","Broadcast","802.11","452","-61dBm","5785MHz","6","Beacon frame, SN=4027, FN=0, Flags=........C, BI=100, SSID=Olufsen60"
"519","20.791904373","e8:48:b8:da:df:46","Broadcast","802.11","452","-61dBm","5785MHz","6","Beacon frame, SN=4029, FN=0, Flags=........C, BI=100, SSID=Olufsen60"
"524","20.894306238","e8:48:b8:da:df:46","Broadcast","802.11","452","-61dBm","5785MHz","6","Beacon frame, SN=4031, FN=0, Flags=........C, BI=100, SSID=Olufsen60"
"527","20.996700558","e8:48:b8:da:df:46","Broadcast","802.11","452","-61dBm","5785MHz","6","Beacon frame, SN=4033, FN=0, Flags=........C, BI=100, SSID=Olufsen60"
"529","21.099122364","e8:48:b8:da:df:46","Broadcast","802.11","452","-61dBm","5785MHz","6","Beacon frame, SN=4035, FN=0, Flags=........C, BI=100, SSID=Olufsen60"
"531","21.201505573","e8:48:b8:da:df:46","Broadcast","802.11","452","-61dBm","5785MHz","6","Beacon frame, SN=4037, FN=0, Flags=........C, BI=100, SSID=Olufsen60"
"533","21.303901448","e8:48:b8:da:df:46","Broadcast","802.11","452","-61dBm","5785MHz","6","Beacon frame, SN=4039, FN=0, Flags=........C, BI=100, SSID=Olufsen60"
"535","21.408294014","e8:48:b8:da:df:46","Broadcast","802.11","452","-61dBm","5785MHz","6","Beacon frame, SN=4041, FN=0, Flags=........C, BI=100, SSID=Olufsen60"
"537","21.508700474","e8:48:b8:da:df:46","Broadcast","802.11","452","-61dBm","5785MHz","6","Beacon frame, SN=4043, FN=0, Flags=........C, BI=100, SSID=Olufsen60"
"539","21.611114652","e8:48:b8:da:df:46","Broadcast","802.11","452","-61dBm","5785MHz","6","Beacon frame, SN=4045, FN=0, Flags=........C, BI=100, SSID=Olufsen60"
"541","21.713497162","e8:48:b8:da:df:46","Broadcast","802.11","452","-61dBm","5785MHz","6","Beacon frame, SN=4047, FN=0, Flags=........C, BI=100, SSID=Olufsen60"
"543","21.815920391","e8:48:b8:da:df:46","Broadcast","802.11","452","-61dBm","5785MHz","6","Beacon frame, SN=4049, FN=0, Flags=........C, BI=100, SSID=Olufsen60"
"547","21.918316355","e8:48:b8:da:df:46","Broadcast","802.11","452","-61dBm","5785MHz","6","Beacon frame, SN=4051, FN=0, Flags=........C, BI=100, SSID=Olufsen60"
"549","22.020694300","e8:48:b8:da:df:46","Broadcast","802.11","452","-61dBm","5785MHz","6","Beacon frame, SN=4053, FN=0, Flags=........C, BI=100, SSID=Olufsen60"
"551","22.123407985","e8:48:b8:da:df:46","Broadcast","802.11","452","-61dBm","5785MHz","6","Beacon frame, SN=4055, FN=0, Flags=........C, BI=100, SSID=Olufsen60"
"554","22.225508574","e8:48:b8:da:df:46","Broadcast","802.11","452","-61dBm","5785MHz","6","Beacon frame, SN=4057, FN=0, Flags=........C, BI=100, SSID=Olufsen60"
"556","22.327870779","e8:48:b8:da:df:46","Broadcast","802.11","452","-61dBm","5785MHz","6","Beacon frame, SN=4059, FN=0, Flags=........C, BI=100, SSID=Olufsen60"
"558","22.430303577","e8:48:b8:da:df:46","Broadcast","802.11","452","-61dBm","5785MHz","6","Beacon frame, SN=4061, FN=0, Flags=........C, BI=100, SSID=Olufsen60"
"560","22.532701622","e8:48:b8:da:df:46","Broadcast","802.11","452","-61dBm","5785MHz","6","Beacon frame, SN=4063, FN=0, Flags=........C, BI=100, SSID=Olufsen60"
"562","22.635101117","e8:48:b8:da:df:46","Broadcast","802.11","452","-61dBm","5785MHz","6","Beacon frame, SN=4065, FN=0, Flags=........C, BI=100, SSID=Olufsen60"
"564","22.737495018","e8:48:b8:da:df:46","Broadcast","802.11","452","-61dBm","5785MHz","6","Beacon frame, SN=4067, FN=0, Flags=........C, BI=100, SSID=Olufsen60"
"566","22.839889690","e8:48:b8:da:df:46","Broadcast","802.11","452","-61dBm","5785MHz","6","Beacon frame, SN=4069, FN=0, Flags=........C, BI=100, SSID=Olufsen60"
"568","22.942316236","e8:48:b8:da:df:46","Broadcast","802.11","452","-60dBm","5785MHz","6","Beacon frame, SN=4071, FN=0, Flags=........C, BI=100, SSID=Olufsen60"
"570","23.044707254","e8:48:b8:da:df:46","Broadcast","802.11","452","-60dBm","5785MHz","6","Beacon frame, SN=4073, FN=0, Flags=........C, BI=100, SSID=Olufsen60"
"572","23.147095589","e8:48:b8:da:df:46","Broadcast","802.11","452","-58dBm","5785MHz","6","Beacon frame, SN=4075, FN=0, Flags=........C, BI=100, SSID=Olufsen60"
"574","23.249522206","e8:48:b8:da:df:46","Broadcast","802.11","452","-60dBm","5785MHz","6","Beacon frame, SN=4077, FN=0, Flags=........C, BI=100, SSID=Olufsen60"
"576","23.351915673","e8:48:b8:da:df:46","Broadcast","802.11","452","-61dBm","5785MHz","6","Beacon frame, SN=4079, FN=0, Flags=........C, BI=100, SSID=Olufsen60"
"578","23.454317715","e8:48:b8:da:df:46","Broadcast","802.11","452","-61dBm","5785MHz","6","Beacon frame, SN=4081, FN=0, Flags=........C, BI=100, SSID=Olufsen60"
"580","23.556711595","e8:48:b8:da:df:46","Broadcast","802.11","452","-62dBm","5785MHz","6","Beacon frame, SN=4083, FN=0, Flags=........C, BI=100, SSID=Olufsen60"
"582","23.659105820","e8:48:b8:da:df:46","Broadcast","802.11","452","-61dBm","5785MHz","6","Beacon frame, SN=4085, FN=0, Flags=........C, BI=100, SSID=Olufsen60"
"584","23.761528095","e8:48:b8:da:df:46","Broadcast","802.11","452","-61dBm","5785MHz","6","Beacon frame, SN=4087, FN=0, Flags=........C, BI=100, SSID=Olufsen60"
"586","23.863935236","e8:48:b8:da:df:46","Broadcast","802.11","452","-62dBm","5785MHz","6","Beacon frame, SN=4089, FN=0, Flags=........C, BI=100, SSID=Olufsen60"
"588","23.966322763","e8:48:b8:da:df:46","Broadcast","802.11","452","-59dBm","5785MHz","6","Beacon frame, SN=4091, FN=0, Flags=........C, BI=100, SSID=Olufsen60"
"590","24.068704929","e8:48:b8:da:df:46","Broadcast","802.11","452","-61dBm","5785MHz","6","Beacon frame, SN=4093, FN=0, Flags=........C, BI=100, SSID=Olufsen60"
"592","24.171110504","e8:48:b8:da:df:46","Broadcast","802.11","452","-60dBm","5785MHz","6","Beacon frame, SN=4095, FN=0, Flags=........C, BI=100, SSID=Olufsen60"
"594","24.273505321","e8:48:b8:da:df:46","Broadcast","802.11","452","-61dBm","5785MHz","6","Beacon frame, SN=1, FN=0, Flags=........C, BI=100, SSID=Olufsen60"
"596","24.375901493","e8:48:b8:da:df:46","Broadcast","802.11","452","-57dBm","5785MHz","6","Beacon frame, SN=3, FN=0, Flags=........C, BI=100, SSID=Olufsen60"
"598","24.478301192","e8:48:b8:da:df:46","Broadcast","802.11","452","-59dBm","5785MHz","6","Beacon frame, SN=5, FN=0, Flags=........C, BI=100, SSID=Olufsen60"
"600","24.580693566","e8:48:b8:da:df:46","Broadcast","802.11","452","-63dBm","5785MHz","6","Beacon frame, SN=7, FN=0, Flags=........C, BI=100, SSID=Olufsen60"
"602","24.683104330","e8:48:b8:da:df:46","Broadcast","802.11","452","-63dBm","5785MHz","6","Beacon frame, SN=9, FN=0, Flags=........C, BI=100, SSID=Olufsen60"
"604","24.785524427","e8:48:b8:da:df:46","Broadcast","802.11","452","-64dBm","5785MHz","6","Beacon frame, SN=11, FN=0, Flags=........C, BI=100, SSID=Olufsen60"
"606","24.887923409","e8:48:b8:da:df:46","Broadcast","802.11","452","-60dBm","5785MHz","6","Beacon frame, SN=13, FN=0, Flags=........C, BI=100, SSID=Olufsen60"
"608","24.990329224","e8:48:b8:da:df:46","Broadcast","802.11","452","-59dBm","5785MHz","6","Beacon frame, SN=15, FN=0, Flags=........C, BI=100, SSID=Olufsen60"
"612","25.092700751","e8:48:b8:da:df:46","Broadcast","802.11","452","-59dBm","5785MHz","6","Beacon frame, SN=17, FN=0, Flags=........C, BI=100, SSID=Olufsen60"
"614","25.195107035","e8:48:b8:da:df:46","Broadcast","802.11","452","-58dBm","5785MHz","6","Beacon frame, SN=19, FN=0, Flags=........C, BI=100, SSID=Olufsen60"
"616","25.297523914","e8:48:b8:da:df:46","Broadcast","802.11","452","-57dBm","5785MHz","6","Beacon frame, SN=21, FN=0, Flags=........C, BI=100, SSID=Olufsen60"
"618","25.399934592","e8:48:b8:da:df:46","Broadcast","802.11","452","-60dBm","5785MHz","6","Beacon frame, SN=23, FN=0, Flags=........C, BI=100, SSID=Olufsen60"
"620","25.502304241","e8:48:b8:da:df:46","Broadcast","802.11","452","-59dBm","5785MHz","6","Beacon frame, SN=25, FN=0, Flags=........C, BI=100, SSID=Olufsen60"
"622","25.604719036","e8:48:b8:da:df:46","Broadcast","802.11","452","-60dBm","5785MHz","6","Beacon frame, SN=27, FN=0, Flags=........C, BI=100, SSID=Olufsen60"
"624","25.709716086","e8:48:b8:da:df:46","Broadcast","802.11","452","-59dBm","5785MHz","6","Beacon frame, SN=29, FN=0, Flags=........C, BI=100, SSID=Olufsen60"
"626","25.809516382","e8:48:b8:da:df:46","Broadcast","802.11","452","-60dBm","5785MHz","6","Beacon frame, SN=31, FN=0, Flags=........C, BI=100, SSID=Olufsen60"
"629","25.911927694","e8:48:b8:da:df:46","Broadcast","802.11","452","-62dBm","5785MHz","6","Beacon frame, SN=33, FN=0, Flags=........C, BI=100, SSID=Olufsen60"
"631","26.014343181","e8:48:b8:da:df:46","Broadcast","802.11","452","-60dBm","5785MHz","6","Beacon frame, SN=35, FN=0, Flags=........C, BI=100, SSID=Olufsen60"
"633","26.116709351","e8:48:b8:da:df:46","Broadcast","802.11","452","-61dBm","5785MHz","6","Beacon frame, SN=37, FN=0, Flags=........C, BI=100, SSID=Olufsen60"
"635","26.219102017","e8:48:b8:da:df:46","Broadcast","802.11","452","-60dBm","5785MHz","6","Beacon frame, SN=39, FN=0, Flags=........C, BI=100, SSID=Olufsen60"
"637","26.321524876","e8:48:b8:da:df:46","Broadcast","802.11","452","-60dBm","5785MHz","6","Beacon frame, SN=41, FN=0, Flags=........C, BI=100, SSID=Olufsen60"
"639","26.423889895","e8:48:b8:da:df:46","Broadcast","802.11","452","-61dBm","5785MHz","6","Beacon frame, SN=43, FN=0, Flags=........C, BI=100, SSID=Olufsen60"
"641","26.527872078","e8:48:b8:da:df:46","Broadcast","802.11","452","-62dBm","5785MHz","6","Beacon frame, SN=45, FN=0, Flags=........C, BI=100, SSID=Olufsen60"
"643","26.631848386","e8:48:b8:da:df:46","Broadcast","802.11","452","-60dBm","5785MHz","6","Beacon frame, SN=47, FN=0, Flags=........C, BI=100, SSID=Olufsen60"
"645","26.731120469","e8:48:b8:da:df:46","Broadcast","802.11","452","-59dBm","5785MHz","6","Beacon frame, SN=49, FN=0, Flags=........C, BI=100, SSID=Olufsen60"
"647","26.833511334","e8:48:b8:da:df:46","Broadcast","802.11","452","-61dBm","5785MHz","6","Beacon frame, SN=51, FN=0, Flags=........C, BI=100, SSID=Olufsen60"
"649","26.935930719","e8:48:b8:da:df:46","Broadcast","802.11","452","-59dBm","5785MHz","6","Beacon frame, SN=53, FN=0, Flags=........C, BI=100, SSID=Olufsen60"
"651","27.038308276","e8:48:b8:da:df:46","Broadcast","802.11","452","-60dBm","5785MHz","6","Beacon frame, SN=55, FN=0, Flags=........C, BI=100, SSID=Olufsen60"
"653","27.140722614","e8:48:b8:da:df:46","Broadcast","802.11","452","-59dBm","5785MHz","6","Beacon frame, SN=57, FN=0, Flags=........C, BI=100, SSID=Olufsen60"
"655","27.243896637","e8:48:b8:da:df:46","Broadcast","802.11","452","-60dBm","5785MHz","6","Beacon frame, SN=59, FN=0, Flags=........C, BI=100, SSID=Olufsen60"
"657","27.346192653","e8:48:b8:da:df:46","Broadcast","802.11","452","-61dBm","5785MHz","6","Beacon frame, SN=61, FN=0, Flags=........C, BI=100, SSID=Olufsen60"
"659","27.448034653","e8:48:b8:da:df:46","Broadcast","802.11","452","-60dBm","5785MHz","6","Beacon frame, SN=63, FN=0, Flags=........C, BI=100, SSID=Olufsen60"
"662","27.652719612","e8:48:b8:da:df:46","Broadcast","802.11","452","-60dBm","5785MHz","6","Beacon frame, SN=67, FN=0, Flags=........C, BI=100, SSID=Olufsen60"
"664","27.755103133","e8:48:b8:da:df:46","Broadcast","802.11","452","-61dBm","5785MHz","6","Beacon frame, SN=69, FN=0, Flags=........C, BI=100, SSID=Olufsen60"
"666","27.857498888","e8:48:b8:da:df:46","Broadcast","802.11","452","-61dBm","5785MHz","6","Beacon frame, SN=71, FN=0, Flags=........C, BI=100, SSID=Olufsen60"
"668","27.959936558","e8:48:b8:da:df:46","Broadcast","802.11","452","-60dBm","5785MHz","6","Beacon frame, SN=73, FN=0, Flags=........C, BI=100, SSID=Olufsen60"
"670","28.062326781","e8:48:b8:da:df:46","Broadcast","802.11","452","-60dBm","5785MHz","6","Beacon frame, SN=75, FN=0, Flags=........C, BI=100, SSID=Olufsen60"
"672","28.164734787","e8:48:b8:da:df:46","Broadcast","802.11","452","-60dBm","5785MHz","6","Beacon frame, SN=77, FN=0, Flags=........C, BI=100, SSID=Olufsen60"
"674","28.267108310","e8:48:b8:da:df:46","Broadcast","802.11","452","-60dBm","5785MHz","6","Beacon frame, SN=79, FN=0, Flags=........C, BI=100, SSID=Olufsen60"
"676","28.369504721","e8:48:b8:da:df:46","Broadcast","802.11","452","-60dBm","5785MHz","6","Beacon frame, SN=81, FN=0, Flags=........C, BI=100, SSID=Olufsen60"
"678","28.471949685","e8:48:b8:da:df:46","Broadcast","802.11","452","-59dBm","5785MHz","6","Beacon frame, SN=83, FN=0, Flags=........C, BI=100, SSID=Olufsen60"
"680","28.574305841","e8:48:b8:da:df:46","Broadcast","802.11","452","-58dBm","5785MHz","6","Beacon frame, SN=85, FN=0, Flags=........C, BI=100, SSID=Olufsen60"
"682","28.676722274","e8:48:b8:da:df:46","Broadcast","802.11","452","-59dBm","5785MHz","6","Beacon frame, SN=87, FN=0, Flags=........C, BI=100, SSID=Olufsen60"
"684","28.779103970","e8:48:b8:da:df:46","Broadcast","802.11","452","-60dBm","5785MHz","6","Beacon frame, SN=89, FN=0, Flags=........C, BI=100, SSID=Olufsen60"
"686","28.881536257","e8:48:b8:da:df:46","Broadcast","802.11","452","-60dBm","5785MHz","6","Beacon frame, SN=91, FN=0, Flags=........C, BI=100, SSID=Olufsen60"
"697","28.983929642","e8:48:b8:da:df:46","Broadcast","802.11","452","-59dBm","5785MHz","6","Beacon frame, SN=102, FN=0, Flags=........C, BI=100, SSID=Olufsen60"
"717","29.086467736","e8:48:b8:da:df:46","Broadcast","802.11","452","-60dBm","5785MHz","6","Beacon frame, SN=122, FN=0, Flags=........C, BI=100, SSID=Olufsen60"
